Date,Open,High,Low,Close,Adj Close,Volume
2003/1/1,null,null,null,null,null,null
2003/1/2,9333.639648,9378.349609,9294.530273,9365.519531,9365.519531,126907400
2003/1/3,9523.25,9585.660156,9520.849609,9583.849609,9583.849609,291454400
2003/1/6,9605.089844,9683.860352,9560.820313,9665.959961,9665.959961,234912800
2003/1/7,9710.790039,9710.790039,9592.290039,9652.400391,9652.400391,267021800
2003/1/8,9632.360352,9781.080078,9624.040039,9688.209961,9688.209961,202439200
2003/1/9,9626.139648,9677.589844,9599.240234,9675.410156,9675.410156,129623200
2003/1/10,9711.759766,9778.280273,9688.990234,9721.5,9721.5,172862200
2003/1/13,9752.299805,9834.080078,9752.299805,9834.080078,9834.080078,197967600
2003/1/14,9812.910156,9843.80957,9780.540039,9796.30957,9796.30957,168152000
2003/1/15,9807.429688,9892.700195,9807.429688,9873.490234,9873.490234,215218800
2003/1/16,9798.160156,9823.629883,9727.299805,9743.230469,9743.230469,189955000
2003/1/17,9730.549805,9733.44043,9597.230469,9614.589844,9614.589844,171659400
2003/1/20,9551.55957,9560.389648,9501.519531,9552.019531,9552.019531,176223000
2003/1/21,9558.200195,9595.259766,9548.139648,9568.469727,9568.469727,142951600
2003/1/22,9484.889648,9581.240234,9456.660156,9560.290039,9560.290039,177654800
2003/1/23,9513.580078,9606.870117,9513.580078,9584.700195,9584.700195,143682000
2003/1/24,9558.480469,9575.269531,9416.120117,9460.599609,9460.599609,220192000
2003/1/27,9326.759766,9326.759766,9253.360352,9298.669922,9298.669922,192059400
2003/1/28,9244.299805,9341.110352,9237.450195,9325.599609,9325.599609,132839200
2003/1/29,9272.280273,9281.990234,9203.679688,9240.790039,9240.790039,179591200
2003/1/30,9251.94043,9266.150391,9179.240234,9258.950195,9258.950195,151874200
2003/1/31,null,null,null,null,null,null
2003/2/3,null,null,null,null,null,null
2003/2/4,9327.320313,9331.950195,9208.230469,9252.709961,9252.709961,157056000
2003/2/5,9214.639648,9238.919922,9156.30957,9180.469727,9180.469727,156418400
2003/2/6,9178.259766,9184.759766,9094.860352,9126.150391,9126.150391,191530600
2003/2/7,9099.410156,9163.669922,9072.669922,9150.950195,9150.950195,153250800
2003/2/10,9135.099609,9232.139648,9131.620117,9232.139648,9232.139648,145628000
2003/2/11,9237.19043,9285.05957,9151.219727,9194.910156,9194.910156,201740000
2003/2/12,9169.860352,9334.900391,9162.519531,9314.900391,9314.900391,173360400
2003/2/13,9273.379883,9283.230469,9142.94043,9173.429688,9173.429688,182251200
2003/2/14,9201.110352,9253.870117,9191.009766,9201.759766,9201.759766,127095400
2003/2/17,9311.650391,9392.860352,9311.650391,9383.679688,9383.679688,193064000
2003/2/18,9367.94043,9417.700195,9342.049805,9397.049805,9397.049805,123444800
2003/2/19,9461.129883,9463.990234,9389.400391,9427.629883,9427.629883,171202200
2003/2/20,9415.209961,9460.889648,9381.139648,9390.480469,9390.480469,157138600
2003/2/21,9361.049805,9364.830078,9231.370117,9250.860352,9250.860352,175479200
2003/2/24,9302.730469,9313.80957,9231.009766,9239.469727,9239.469727,119645600
2003/2/25,9140.05957,9154.419922,9103.290039,9148.480469,9148.480469,188640600
2003/2/26,9156.799805,9163.330078,9097.490234,9116.280273,9116.280273,129927000
2003/2/27,9072.870117,9175.320313,9029.950195,9134.240234,9134.240234,189162400
2003/2/28,9146.629883,9185.80957,9111.169922,9122.660156,9122.660156,149296400
2003/3/3,9141.459961,9316.269531,9141.459961,9268.769531,9268.769531,213816000
2003/3/4,9218.370117,9247.830078,9164.099609,9181.889648,9181.889648,123162000
2003/3/5,9105.370117,9135.009766,9059.070313,9109.179688,9109.179688,177331800
2003/3/6,9097.450195,9103.55957,8952.019531,8962.259766,8962.259766,196951400
2003/3/7,8917.120117,8941.230469,8869.610352,8907.099609,8907.099609,177031200
2003/3/10,8894.040039,8901.660156,8821.669922,8861.870117,8861.870117,205221000
2003/3/11,8776.990234,8860.509766,8757.219727,8859.929688,8859.929688,216936600
2003/3/12,8825.44043,8914.580078,8825.44043,8874.990234,8874.990234,186314600
2003/3/13,8857.30957,8863.639648,8764.400391,8787.450195,8787.450195,202531200
2003/3/14,8976.759766,8996.049805,8933.240234,8956.169922,8956.169922,194059400
2003/3/17,8901.219727,8901.219727,8795.080078,8804.160156,8804.160156,143293200
2003/3/18,9003.959961,9045.179688,8976.580078,9041.509766,9041.509766,226360000
2003/3/19,8973.19043,9197.929688,8913.049805,9158.589844,9158.589844,358875000
2003/3/20,9243.900391,9281.599609,9127.589844,9194.55957,9194.55957,310922800
2003/3/21,9220.950195,9227.200195,9146.290039,9179.19043,9179.19043,239063000
2003/3/24,9214.650391,9262.769531,9087.639648,9108.450195,9108.450195,248268800
2003/3/25,9012.040039,9081.389648,9008.620117,9062.150391,9062.150391,165816200
2003/3/26,9096.080078,9096.080078,9027.610352,9047.089844,9047.089844,144579000
2003/3/27,9027.990234,9027.990234,8850.429688,8872.320313,8872.320313,249802600
2003/3/28,8864.120117,8893.570313,8812.320313,8863.360352,8863.360352,205900800
2003/3/31,8755.80957,8755.80957,8586.700195,8634.450195,8634.450195,324820000
2003/4/1,8608.790039,8612.419922,8465.790039,8596.889648,8596.889648,312633200
2003/4/2,8586.69043,8716.099609,8550.459961,8706.19043,8706.19043,256060000
2003/4/3,8769.410156,8774.580078,8639.089844,8648.160156,8648.160156,222034400
2003/4/4,8669.730469,8845.799805,8662.80957,8822.450195,8822.450195,235744400
2003/4/7,8838.830078,8973.80957,8754.509766,8962.209961,8962.209961,221557200
2003/4/8,8885.620117,8906.990234,8786.360352,8806.660156,8806.660156,205961200
2003/4/9,8755.150391,8755.150391,8588.450195,8636.849609,8636.849609,275309600
2003/4/10,8597.860352,8647.75,8559.769531,8625.719727,8625.719727,240883200
2003/4/11,8627.570313,8660.879883,8552.679688,8645.650391,8645.650391,254681400
2003/4/14,8598.080078,8598.080078,8493.459961,8533.549805,8533.549805,190938000
2003/4/15,8600.5,8639.360352,8549.839844,8632.099609,8632.099609,166040200
2003/4/16,8653.589844,8705.269531,8609.459961,8675.139648,8675.139648,171986800
2003/4/17,8600.049805,8603.299805,8558.719727,8579.139648,8579.139648,188226400
2003/4/18,null,null,null,null,null,null
2003/4/21,null,null,null,null,null,null
2003/4/22,8531.110352,8574.790039,8479.379883,8571.910156,8571.910156,193229000
2003/4/23,8641.400391,8654.620117,8493.950195,8519.599609,8519.599609,320239200
2003/4/24,8482.599609,8490.080078,8403.490234,8442.110352,8442.110352,332787600
2003/4/25,8351.589844,8430.620117,8331.870117,8409.009766,8409.009766,290400400
2003/4/28,8354.660156,8453.69043,8354.660156,8435.040039,8435.040039,237547000
2003/4/29,8577.730469,8757.589844,8577.730469,8744.219727,8744.219727,366840800
2003/4/30,8758.240234,8777.080078,8700.120117,8717.219727,8717.219727,329441000
2003/5/1,null,null,null,null,null,null
2003/5/2,8707.429688,8817.740234,8707.429688,8808.179688,8808.179688,270803800
2003/5/5,8895.389648,8925.19043,8875.150391,8916.490234,8916.490234,203148800
2003/5/6,8906.69043,8949.05957,8863.209961,8889.219727,8889.219727,219887800
2003/5/7,8946.339844,8950.339844,8834.69043,8901.049805,8901.049805,217970400
2003/5/8,null,null,null,null,null,null
2003/5/9,8903.660156,9084.160156,8878.589844,9084.160156,9084.160156,339098800
2003/5/12,9164.099609,9209.759766,9150.94043,9155.570313,9155.570313,286413600
2003/5/13,9165.540039,9175.69043,9101.389648,9119.040039,9119.040039,202533600
2003/5/14,9135.509766,9217.259766,9069.240234,9103.69043,9103.69043,234801200
2003/5/15,9068.299805,9166.549805,9055.719727,9126.070313,9126.070313,214710200
2003/5/16,9148.099609,9190.730469,9052.25,9093.179688,9093.179688,176185000
2003/5/19,9074.339844,9106.94043,9029.799805,9087.370117,9087.370117,143171000
2003/5/20,8980.269531,9068.980469,8973.660156,9050.400391,9050.400391,149959600
2003/5/21,9069.339844,9086.360352,9020.769531,9059.799805,9059.799805,201113200
2003/5/22,9045.839844,9148.139648,9025.299805,9131.490234,9131.490234,210120000
2003/5/23,9217.209961,9313.980469,9208.740234,9303.730469,9303.730469,305202400
2003/5/26,9412.730469,9505.790039,9411.320313,9492.709961,9492.709961,327703800
2003/5/27,9490.570313,9490.570313,9417.040039,9420.80957,9420.80957,276214200
2003/5/28,9558.219727,9560.860352,9483.089844,9510.620117,9510.620117,321299400
2003/5/29,9520.80957,9587.169922,9483.620117,9508.549805,9508.549805,276446600
2003/5/30,9482.099609,9557.540039,9461.839844,9487.379883,9487.379883,250599000
2003/6/2,9582.009766,9647.360352,9580.089844,9637.530273,9637.530273,257552600
2003/6/3,9633.429688,9683.009766,9563.719727,9662.820313,9662.820313,294915400
2003/6/4,null,null,null,null,null,null
2003/6/5,9779.179688,9780.849609,9634.929688,9639.009766,9639.009766,385946200
2003/6/6,9662.69043,9752.769531,9610.849609,9694.629883,9694.629883,518067000
2003/6/9,9698.290039,9734.349609,9660.669922,9733.509766,9733.509766,253544200
2003/6/10,9642.459961,9714.730469,9625.469727,9703.719727,9703.719727,236373800
2003/6/11,9756.5,9773.540039,9645.25,9662.05957,9662.05957,273654000
2003/6/12,9734.769531,9754.629883,9684.410156,9736.839844,9736.839844,213808400
2003/6/13,9728.200195,9866.660156,9692.830078,9855.639648,9855.639648,343513400
2003/6/16,9821.389648,9883.19043,9819.879883,9862.280273,9862.280273,225146200
2003/6/17,10026.82031,10041.95996,9975.44043,10030.37012,10030.37012,349243000
2003/6/18,10057.75,10067.86035,9935.629883,9970.299805,9970.299805,399709000
2003/6/19,9981.709961,10015.4502,9935.610352,9980.110352,9980.110352,251249200
2003/6/20,9907.080078,9931.580078,9885.530273,9930.30957,9930.30957,164758000
2003/6/23,9918.769531,9935.849609,9727.769531,9734.290039,9734.290039,234125800
2003/6/24,9686.669922,9686.669922,9571.549805,9629.349609,9629.349609,256039000
2003/6/25,9637.200195,9670.490234,9605.990234,9628.990234,9628.990234,146104800
2003/6/26,9551.040039,9614.730469,9526.919922,9606.110352,9606.110352,175699000
2003/6/27,9626.860352,9711.219727,9613.639648,9657.209961,9657.209961,165730000
2003/6/30,9594.94043,9641.620117,9564.070313,9577.120117,9577.120117,189464000
2003/7/1,null,null,null,null,null,null
2003/7/2,9613.570313,9650.389648,9512.200195,9602.620117,9602.620117,263521400
2003/7/3,9689.139648,9705.629883,9593.419922,9646.099609,9646.099609,278702600
2003/7/4,9628.389648,9670.419922,9569.849609,9636.80957,9636.80957,156358000
2003/7/7,9683.80957,9905.469727,9637.900391,9892.400391,9892.400391,267968200
2003/7/8,10010.45996,10086.4502,9983.759766,9992.870117,9992.870117,386310600
2003/7/9,10028.23047,10069.70996,9997.669922,10027.41016,10027.41016,283513000
2003/7/10,10035.95996,10051.75,9946.459961,9983.30957,9983.30957,211648200
2003/7/11,9883.519531,9936.179688,9854.030273,9911.5,9911.5,203949000
2003/7/14,9990.889648,10122.57031,9980.25,10122.40039,10122.40039,225176000
2003/7/15,10163.26953,10179.61035,10030.75977,10135.54981,10135.54981,262646200
2003/7/16,10116.00977,10236.88965,10093.70996,10207.16992,10207.16992,203045600
2003/7/17,10136.70996,10198.9502,10035.2002,10096.71973,10096.71973,207243400
2003/7/18,10022.46973,10145.51953,10012.32031,10140.83984,10140.83984,1086921200
2003/7/21,10189.15039,10203.34961,10081.13965,10102.86035,10102.86035,245555000
2003/7/22,10059.25,10062.87012,9957.980469,10008.70996,10008.70996,192202000
2003/7/23,10018.07031,10031.15039,9897.69043,9900.55957,9900.55957,207427000
2003/7/24,9900.55957,10008.41016,9900.55957,9923.139648,9923.139648,145688200
2003/7/25,9885.459961,9952.19043,9864.450195,9939.200195,9939.200195,145578000
2003/7/28,10031.24023,10164.79004,10031.24023,10134.87988,10134.87988,242282600
2003/7/29,10133.71973,10222.83008,10125.80957,10198.59961,10198.59961,282397000
2003/7/30,10180.87012,10206.44043,10055.50977,10121.21973,10121.21973,287519200
2003/7/31,10103.16016,10171.28027,10065.30957,10134.83008,10134.83008,287648800
2003/8/1,10184.42969,10292.76953,10183.37012,10248.59961,10248.59961,313456600
2003/8/4,10208.12988,10291,10153.33008,10183.13965,10183.13965,207461400
2003/8/5,10283.87012,10285.67969,10174.59961,10177.37988,10177.37988,177532800
2003/8/6,10084.41992,10084.41992,9966.700195,9987.540039,9987.540039,294305600
2003/8/7,9998.599609,10011.16016,9937.969727,9958.049805,9958.049805,227656200
2003/8/8,9997.94043,10026.69043,9924.139648,9945.219727,9945.219727,229164200
2003/8/11,9983.879883,10099.95996,9978.990234,10093.54004,10093.54004,154525400
2003/8/12,10125.80957,10187.04004,10104.5,10184.16992,10184.16992,220316200
2003/8/13,10273.03027,10365.41992,10257.17969,10301.46973,10301.46973,368262600
2003/8/14,10352.08984,10374.23047,10283.92969,10374.01953,10374.01953,250020800
2003/8/15,10427.15039,10434.49023,10312.51953,10424.55957,10424.55957,224160200
2003/8/18,10457.34961,10527.34961,10424.38965,10525.04004,10525.04004,345808600
2003/8/19,10569.04981,10617.71973,10477.58008,10509.29004,10509.29004,335816600
2003/8/20,10462.26953,10576.19043,10447.74023,10475.33008,10475.33008,272315600
2003/8/21,10490.57031,10655.20996,10474.28027,10643.62988,10643.62988,407549200
2003/8/22,10665.55957,10768.63965,10623.69043,10760.73047,10760.73047,396032200
2003/8/25,10733.12012,10845.75977,10718.87988,10764.21973,10764.21973,364139000
2003/8/26,10709.59961,10753.92969,10629.88965,10753.92969,10753.92969,291578200
2003/8/27,10749.87988,10797.95996,10659,10678.54981,10678.54981,264337000
2003/8/28,10693.54004,10770.44043,10675.98047,10760.12012,10760.12012,231081400
2003/8/29,10812.87012,10934.51953,10804.45996,10908.99023,10908.99023,406795400
2003/9/1,10937.79004,11039.42969,10899.92969,10903.40039,10903.40039,298936400
2003/9/2,10940.33984,10967.51953,10879.44043,10939.94043,10939.94043,143389000
2003/9/3,11027.55957,11114.5,10989.75,11102.36035,11102.36035,385813000
2003/9/4,11145.73047,11196.17969,11062.23047,11138.62012,11138.62012,467693600
2003/9/5,11164.65039,11198.95996,11104.32031,11170.61035,11170.61035,292797800
2003/9/8,11126.30957,11177.40039,11076.70996,11165.28027,11165.28027,331087200
2003/9/9,11219.71973,11242.15039,11029.4502,11046.82031,11046.82031,303243600
2003/9/10,10948.03027,10948.03027,10784.86035,10810.30957,10810.30957,325025800
2003/9/11,10762.03027,10889.04981,10762.03027,10883.51953,10883.51953,226804400
2003/9/12,null,null,null,null,null,null
2003/9/15,10952.58008,11008.87988,10871.58984,10992.73047,10992.73047,259582600
2003/9/16,10908.70996,11074.94043,10873.37988,11071.37988,11071.37988,273443400
2003/9/17,11165.80957,11189.91016,11075.63965,11140.04981,11140.04981,423082200
2003/9/18,11104.32031,11129.9502,10984.78027,11069.21973,11069.21973,269266600
2003/9/19,11170.34961,11204.87012,10949.23047,10968.41992,10968.41992,422614000
2003/9/22,10920.03027,11010.13965,10822.55957,10873.26953,10873.26953,275224000
2003/9/23,10877.9502,10998.19043,10841.70996,10944.36035,10944.36035,247074000
2003/9/24,11008.42969,11298.95996,11008.42969,11295.88965,11295.88965,465228000
2003/9/25,11273.12012,11444.71973,11230.24023,11286.51953,11286.51953,627774600
2003/9/26,11302.15039,11345,11215.70996,11290.15039,11290.15039,381128800
2003/9/29,11256.05957,11256.05957,11104.33984,11141.28027,11141.28027,398325800
2003/9/30,11227.04004,11325.95996,11196.98047,11229.87012,11229.87012,364087200
2003/10/1,null,null,null,null,null,null
2003/10/2,11372.53027,11548.44043,11372.53027,11546.12012,11546.12012,510367400
2003/10/3,11581.50977,11652.40039,11541.67969,11608.71973,11608.71973,469542000
2003/10/6,11715.91016,11838.24023,11715.59961,11734.48047,11734.48047,455872800
2003/10/7,11709.24023,11737.03027,11624.37012,11723.91992,11723.91992,468226200
2003/10/8,11754.70996,11885.24023,11648.61035,11720.79981,11720.79981,464075600
2003/10/9,11762.25977,11821.17969,11710.08008,11800.37012,11800.37012,322958000
2003/10/10,11943.50977,11958.38965,11831.95996,11935.83008,11935.83008,326066600
2003/10/13,11957.37988,11992.91016,11831.58008,11961.96973,11961.96973,261776800
2003/10/14,12065.34961,12065.34961,11834.20996,11856.01953,11856.01953,318455000
2003/10/15,11900,12056.75,11884.70996,12056.17969,12056.17969,279679600
2003/10/16,12041.83008,12104.88965,11952.01953,12027.57031,12027.57031,349415200
2003/10/17,12070.71973,12088.62012,11915.41016,12044.49023,12044.49023,348664000
2003/10/20,11985.40039,12156.75,11958.46973,12147.88965,12147.88965,405878200
2003/10/21,12190.08008,12297.45996,12161.25,12250.69043,12250.69043,373099600
2003/10/22,12240.54004,12283.87988,12199.23047,12238.62988,12238.62988,411499800
2003/10/23,12027.91016,12051.13965,11712.13965,11737.17969,11737.17969,496926000
2003/10/24,11792.87012,11819.2002,11558.11035,11736.37012,11736.37012,380986200
2003/10/27,11749.87012,11803.17969,11678.2002,11749.71973,11749.71973,215722000
2003/10/28,11844.01953,12123.73047,11844.01953,12091.87988,12091.87988,352302800
2003/10/29,12294.91016,12304.57031,12117,12130.50977,12130.50977,321287800
2003/10/30,12202.45996,12202.45996,11989.00977,12143.34961,12143.34961,395277400
2003/10/31,12139.96973,12205.83984,12065.63965,12190.09961,12190.09961,335969000
2003/11/3,12222.44043,12412.17969,12222.44043,12386.80957,12386.80957,309036400
2003/11/4,12503.58008,12537.19043,12406.63965,12440.71973,12440.71973,295240400
2003/11/5,12391.74023,12470.91016,12330.57031,12438.91992,12438.91992,253731200
2003/11/6,12341.04004,12381.23047,12059.96973,12150.08984,12150.08984,363887200
2003/11/7,12205.19043,12256.41992,12129.16016,12215.16992,12215.16992,185262000
2003/11/10,12224.79004,12281.34961,12070.00977,12156.67969,12156.67969,196562200
2003/11/11,12011.36035,12105.26953,11946.53027,12003.62012,12003.62012,227111600
2003/11/12,12021.36035,12060.13965,11872.44043,11971.48047,11971.48047,221404000
2003/11/13,12116.86035,12234.84961,12082.51953,12227.57031,12227.57031,235380000
2003/11/14,12219.58008,12267.08984,12164.26953,12203.53027,12203.53027,159501600
2003/11/17,11950.48047,12010.41992,11911.84961,11997.01953,11997.01953,238924600
2003/11/18,11966.95996,12049.53027,11828.65039,12027.25977,12027.25977,294217400
2003/11/19,11839.29981,11913.34961,11797.66992,11872.99023,11872.99023,286103000
2003/11/20,11926.04004,11949.29004,11807.29981,11845.41016,11845.41016,225236200
2003/11/21,11718.50977,11840.19043,11661.46973,11839.79981,11839.79981,248169400
2003/11/24,11854.96973,11889.46973,11793.82031,11848.55957,11848.55957,130638800
2003/11/25,12006.30957,12064.75,11974.00977,12008.07031,12008.07031,198981600
2003/11/26,12010.70996,12099.15039,11943.94043,12086.66992,12086.66992,181084800
2003/11/27,12075.96973,12131.69043,12015.38965,12075.99023,12075.99023,157270200
2003/11/28,12108.79004,12339.94043,12091.53027,12317.46973,12317.46973,304785400
2003/12/1,12306.25977,12481.28027,12306.25977,12456.99023,12456.99023,304013400
2003/12/2,12526.23047,12539,12403.67969,12412.23047,12412.23047,277350800
2003/12/3,12386.00977,12480.59961,12334.04981,12361.17969,12361.17969,211462200
2003/12/4,12379.94043,12400.59961,12286.65039,12342.65039,12342.65039,136335000
2003/12/5,12309.57031,12367.15039,12236.24023,12314.73047,12314.73047,155955000
2003/12/8,12214.19043,12214.61035,12124,12177.44043,12177.44043,149159200
2003/12/9,12244.66016,12418.78027,12227.83984,12393.63965,12393.63965,192253200
2003/12/10,12321.58984,12428.49023,12310.08984,12398.37988,12398.37988,212682800
2003/12/11,12343.88965,12590.23047,12337.82031,12554.58008,12554.58008,286259200
2003/12/12,12631.62988,12674.08008,12566.28027,12594.41992,12594.41992,249958600
2003/12/15,12705.41992,12740.5,12504.29004,12520.16992,12520.16992,258624400
2003/12/16,12400.84961,12456.00977,12166.98047,12260.33008,12260.33008,1664414800
2003/12/17,12315.23047,12337.57031,12111.23047,12193.12012,12193.12012,364640000
2003/12/18,12225.78027,12310.44043,12163.2002,12240.25,12240.25,238431200
2003/12/19,12385.19043,12443.96973,12299.7002,12371.75,12371.75,220748200
2003/12/22,12422.32031,12498.87988,12405.63965,12487.99023,12487.99023,202399400
2003/12/23,12515.5,12545.04004,12416.00977,12420.50977,12420.50977,200947400
2003/12/24,12468.73047,12507.28027,12446.61035,12456.7002,12456.7002,120815400
2003/12/25,null,null,null,null,null,null
2003/12/26,null,null,null,null,null,null
2003/12/29,12443.55957,12466.40039,12336.73047,12464.29004,12464.29004,153216400
2003/12/30,12560.33984,12643.79981,12504.96973,12526.74023,12526.74023,266815000
2003/12/31,12529.83008,12631.69043,12529.42969,12575.94043,12575.94043,138292600
2004/1/1,null,null,null,null,null,null
2004/1/2,12664.99023,12815.08008,12664.99023,12801.48047,12801.48047,305575000
2004/1/5,12844.58984,13009.40039,12763.09961,13005.33008,13005.33008,362998400
2004/1/6,13063.4502,13128.73047,12975.5,13036.32031,13036.32031,440100800
2004/1/7,13122.99023,13216.36035,13095.58984,13157.67969,13157.67969,381656600
2004/1/8,13184.44043,13255.80957,13063.26953,13203.58984,13203.58984,486084200
2004/1/9,13326.04981,13405.33984,13233.26953,13385.79981,13385.79981,651739800
2004/1/12,13315.29004,13414.65039,13263.61035,13352.21973,13352.21973,391788200
2004/1/13,13384.29981,13446.75977,13162.49023,13396.65039,13396.65039,372278200
2004/1/14,13289.11035,13398.62988,13282.11035,13320.87988,13320.87988,312642200
2004/1/15,13336.17969,13385.25,13198.91992,13249.80957,13249.80957,251476000
2004/1/16,13229.88965,13290.38965,13136.91992,13167.75977,13167.75977,307013800
2004/1/19,13187,13253.30957,13098.25977,13253.30957,13253.30957,223116000
2004/1/20,13280.26953,13584.12012,13268.62988,13570.42969,13570.42969,406946200
2004/1/21,13631.41992,13776.84961,13631.41992,13750.58008,13750.58008,359264000
2004/1/22,null,null,null,null,null,null
2004/1/23,null,null,null,null,null,null
2004/1/26,13756.75977,13764.54004,13666.08984,13727.26953,13727.26953,349394400
2004/1/27,13737.55957,13780.70996,13550.76953,13761.87988,13761.87988,503585600
2004/1/28,13668.42969,13669.87988,13400.29004,13431.78027,13431.78027,463639000
2004/1/29,13226.87988,13340.91016,13168.42969,13334.00977,13334.00977,486013400
2004/1/30,13315.01953,13353.84961,13225.33008,13289.37012,13289.37012,365242200
2004/2/2,13158.25977,13158.25977,12985.7002,12999.98047,12999.98047,321621200
2004/2/3,12921.78027,13094.87988,12877.08984,13090.00977,13090.00977,344279200
2004/2/4,13058.07031,13168.5,13036.11035,13086.73047,13086.73047,247102000
2004/2/5,13063,13116.98047,12982.75,13030.94043,13030.94043,196512800
2004/2/6,13070.21973,13320.84961,13070.21973,13309.59961,13309.59961,280968200
2004/2/9,13437.20996,13586.25977,13437.20996,13576.67969,13576.67969,356736200
2004/2/10,13558.28027,13623.29981,13490.34961,13515.66016,13515.66016,369965600
2004/2/11,13592.69043,13659.36035,13478.69043,13524.75977,13524.75977,259032600
2004/2/12,13680.54981,13680.54981,13585.41016,13625.12988,13625.12988,256107400
2004/2/13,13587.41016,13744.37988,13526.16016,13739.79981,13739.79981,422472400
2004/2/16,13727.96973,13857.98047,13712.59961,13831.53027,13831.53027,301144600
2004/2/17,13854.49023,13887.66016,13713.70996,13815.44043,13815.44043,278327400
2004/2/18,13948.74023,13984.37988,13879.53027,13928.37988,13928.37988,324416200
2004/2/19,13871.33008,13940.21973,13813.37012,13867.21973,13867.21973,359352200
2004/2/20,13889.67969,13925.58008,13810.33984,13868.37012,13868.37012,273567600
2004/2/23,13849.67969,13851.82031,13691.08984,13765.07031,13765.07031,249659000
2004/2/24,13743.07031,13889.82031,13692.88965,13756.41016,13756.41016,263184400
2004/2/25,13773.12012,13810.21973,13560.84961,13599.46973,13599.46973,270160000
2004/2/26,13618.05957,13714.75977,13601.92969,13674.63965,13674.63965,211186800
2004/2/27,13722.70996,13934.75,13674.29004,13907.03027,13907.03027,352016800
2004/3/1,14021.36035,14058.20996,13896.57031,13918.65039,13918.65039,273032200
2004/3/2,13906.44043,13906.44043,13706.09961,13731.34961,13731.34961,265249000
2004/3/3,13553.08984,13567.20996,13418.38965,13454.08984,13454.08984,326820800
2004/3/4,13472.88965,13526.67969,13402.66992,13451.55957,13451.55957,266665600
2004/3/5,13434.44043,13499.91992,13402.82031,13454.75977,13454.75977,220556800
2004/3/8,13549.94043,13677.67969,13541.46973,13573.54004,13573.54004,372530200
2004/3/9,13544.66992,13544.66992,13360.12988,13397.25,13397.25,285855200
2004/3/10,13312,13312,13129.2002,13214.2002,13214.2002,383120800
2004/3/11,12996.75977,13079.73047,12979.75977,13024.05957,13024.05957,435798400
2004/3/12,12809.66992,12932.75,12730.49023,12932.23047,12932.23047,424573200
2004/3/15,13002.32031,13075.95996,12912.54981,12919.41016,12919.41016,274434000
2004/3/16,12820.37012,12947.5,12791.41016,12932.62012,12932.62012,203173400
2004/3/17,12948.49023,13033.75,12889.37012,12975.71973,12975.71973,249012200
2004/3/18,12998.69043,13017.05957,12787.32031,12816.19043,12816.19043,259691600
2004/3/19,12792.66992,12851.12012,12715.96973,12790.58008,12790.58008,349134000
2004/3/22,12593.41992,12631.26953,12529.48047,12550.91016,12550.91016,300501600
2004/3/23,12437.16992,12665.99023,12424.37988,12588.36035,12588.36035,298750200
2004/3/24,12618.87012,12699.33984,12612.78027,12678.12988,12678.12988,295479600
2004/3/25,12579.91992,12611.58984,12480.58984,12520.20996,12520.20996,335181600
2004/3/26,12647.71973,12650.91992,12470.87012,12483.24023,12483.24023,393447000
2004/3/29,12493.36035,12505.84961,12400.34961,12427.33984,12427.33984,247520800
2004/3/30,12555.92969,12695.62988,12469.84961,12641.38965,12641.38965,322012800
2004/3/31,12706.7002,12740.21973,12580.51953,12681.66992,12681.66992,243946000
2004/4/1,12679.42969,12701.61035,12609.79004,12676.25,12676.25,217617400
2004/4/2,12727.12988,12763.04981,12680.16992,12731.75977,12731.75977,328993200
2004/4/5,null,null,null,null,null,null
2004/4/6,12886.11035,12941.91016,12833.28027,12886.96973,12886.96973,384408000
2004/4/7,12909.73047,12946.87012,12869.62012,12920.04981,12920.04981,261975200
2004/4/8,12919.04004,12979.74023,12858.87988,12909.37012,12909.37012,223539800
2004/4/9,null,null,null,null,null,null
2004/4/12,null,null,null,null,null,null
2004/4/13,13015.24023,13126.15039,13014.5,13031.80957,13031.80957,410235600
2004/4/14,12891.67969,12912.75,12664.24023,12669.86035,12669.86035,342191400
2004/4/15,12648.63965,12657.00977,12358.45996,12479.25977,12479.25977,565075200
2004/4/16,12422.16992,12510.09961,12404.16016,12458.37988,12458.37988,361405400
2004/4/19,12452,12458.21973,12324.80957,12450,12450,282117800
2004/4/20,12492.99023,12514.84961,12346.86035,12394.37012,12394.37012,315186400
2004/4/21,12290.90039,12303.16992,12182.82031,12227.29981,12227.29981,361899000
2004/4/22,12235.99023,12318.86035,12091.25977,12167.7002,12167.7002,335120800
2004/4/23,12296.71973,12386.13965,12243.58008,12383.94043,12383.94043,315138600
2004/4/26,12304.87012,12309.45996,12091.01953,12132.67969,12132.67969,346230000
2004/4/27,12141.82031,12245.75977,12064.54981,12154.91016,12154.91016,238440400
2004/4/28,12148.5,12245.37012,12143.66992,12165.30957,12165.30957,223860600
2004/4/29,11969.41016,12042.07031,11898.17969,12005.58008,12005.58008,385497200
2004/4/30,11898.53027,11987.15039,11856.33984,11942.95996,11942.95996,424674200
2004/5/3,11876.2002,11970.04981,11871.28027,11950.62012,11950.62012,176565200
2004/5/4,11988.74023,12154.17969,11988.74023,12098.29981,12098.29981,343117400
2004/5/5,12115.23047,12115.23047,11860.26953,11950.45996,11950.45996,324809400
2004/5/6,11985.71973,12128.90039,11954.96973,12010.30957,12010.30957,289667400
2004/5/7,11902.87012,11955.34961,11835.25977,11910.75977,11910.75977,246272400
2004/5/10,11704.25,11704.25,11448.75,11485.5,11485.5,454126600
2004/5/11,11420.75,11530.41992,11331.69043,11508.08984,11508.08984,334629800
2004/5/12,11590.91016,11662.20996,11495.37988,11528.17969,11528.17969,411966800
2004/5/13,11498.03027,11535.99023,11354.36035,11396.94043,11396.94043,299156000
2004/5/14,11421.91992,11450.88965,11245.66016,11276.86035,11276.86035,279508000
2004/5/17,11207.25,11265.26953,10917.65039,10967.65039,10967.65039,424576800
2004/5/18,11033.41992,11132.69043,10981.29004,11072.38965,11072.38965,364107200
2004/5/19,11227.46973,11478.07031,11227.46973,11469.41016,11469.41016,492317000
2004/5/20,11414.75,11495.61035,11235.79004,11339.62012,11339.62012,368108000
2004/5/21,11350.2002,11602.26953,11334.07031,11576.00977,11576.00977,287205200
2004/5/24,11584.42969,11687.37988,11563.54004,11662.96973,11662.96973,221375200
2004/5/25,11616.55957,11700.58984,11512.61035,11692.55957,11692.55957,238825200
2004/5/26,null,null,null,null,null,null
2004/5/27,11904.75,11993.58008,11839.29004,11983.90039,11983.90039,377546200
2004/5/28,12089.54004,12222.25977,11999.61035,12116.87012,12116.87012,438692600
2004/5/31,12081.67969,12199.40039,11990.62988,12198.24023,12198.24023,231366200
2004/6/1,12172.23047,12253.25977,12076.91992,12105.54981,12105.54981,206990400
2004/6/2,12075.03027,12234.70996,12064.13965,12201.75,12201.75,227620000
2004/6/3,12200.51953,12236.2002,11844.70996,11929.92969,11929.92969,361592600
2004/6/4,11965.59961,12034.50977,11908.73047,12022.63965,12022.63965,213511800
2004/6/7,12258.71973,12360.80957,12233.88965,12326.84961,12326.84961,346232600
2004/6/8,12412.12988,12463.25977,12319.91992,12344.16016,12344.16016,292640000
2004/6/9,12356.37988,12426.69043,12283.57031,12339.94043,12339.94043,246996400
2004/6/10,12283.7002,12458.95996,12235.54004,12422.87012,12422.87012,350405000
2004/6/11,12439.19043,12440.83984,12336.54981,12396.38965,12396.38965,221738600
2004/6/14,12430.2002,12538.65039,12053.65039,12076.57031,12076.57031,349841200
2004/6/15,12039.24023,12165.91016,12001.91016,12050.69043,12050.69043,242400000
2004/6/16,12245.70996,12260.37988,12095.7002,12161.78027,12161.78027,198920000
2004/6/17,12135.57031,12201.83008,12036.71973,12082.86035,12082.86035,220752800
2004/6/18,11960.04981,11960.04981,11789.4502,11855.54981,11855.54981,346784800
2004/6/21,11997.32031,11999.48047,11781.82031,11845.58984,11845.58984,227272200
2004/6/22,null,null,null,null,null,null
2004/6/23,11860.23047,11919.67969,11786.63965,11849.76953,11849.76953,245706600
2004/6/24,11923.99023,12177.34961,11904.41992,12163.67969,12163.67969,363437200
2004/6/25,12159.87012,12207.12012,12070.75977,12185.51953,12185.51953,226927400
2004/6/28,12142.36035,12229.79981,12092.82031,12194.59961,12194.59961,178159200
2004/6/29,12167.82031,12190.57031,12037.95996,12116.29981,12116.29981,200209000
2004/6/30,12199.17969,12328.48047,12199.17969,12285.75,12285.75,317051600
2004/7/1,null,null,null,null,null,null
2004/7/2,12052.36035,12246.75,12051.04981,12220.12988,12220.12988,256919800
2004/7/5,12160.21973,12258.09961,12130.01953,12252.11035,12252.11035,140232600
2004/7/6,12274.11035,12336.62012,12210.37988,12284.08008,12284.08008,224291400
2004/7/7,12174.59961,12343.69043,12166.05957,12320.25977,12320.25977,258531800
2004/7/8,12295.46973,12345.17969,12114.91016,12119.75,12119.75,222685000
2004/7/9,12157.25,12213.91016,12117.45996,12202.25977,12202.25977,183325800
2004/7/12,12227.54981,12267.91016,12170.16992,12191.00977,12191.00977,174971800
2004/7/13,12191.71973,12191.71973,12012.74023,12078.33008,12078.33008,213628400
2004/7/14,12062.41016,12133.21973,11915.46973,11932.83008,11932.83008,259401000
2004/7/15,11931.88965,11957.04981,11883.92969,11939.41016,11939.41016,182479200
2004/7/16,11868.2002,12109.58984,11862.67969,12059.2002,12059.2002,189842800
2004/7/19,12079.42969,12172.96973,12033.21973,12166.9502,12166.9502,190229000
2004/7/20,12098.11035,12137.87988,12051.96973,12123.62988,12123.62988,199153000
2004/7/21,12248.09961,12399.37012,12248.09961,12395.11035,12395.11035,416101200
2004/7/22,12295.2002,12344.78027,12245.82031,12320.20996,12320.20996,211908200
2004/7/23,12286.01953,12387.95996,12286.01953,12352.99023,12352.99023,191673400
2004/7/26,12242.59961,12322.33984,12218.58984,12319.83008,12319.83008,149541600
2004/7/27,12273.65039,12358.61035,12250.16992,12301.32031,12301.32031,222351800
2004/7/28,12378.08984,12382.03027,12292.33984,12320.26953,12320.26953,156750600
2004/7/29,12265.51953,12284.32031,12084.67969,12183.09961,12183.09961,233020600
2004/7/30,12290.57031,12344.95996,12223.87012,12238.03027,12238.03027,277494000
2004/8/2,12233.62988,12236.83008,12131.75977,12201.38965,12201.38965,178931200
2004/8/3,12405.29981,12425.42969,12279.63965,12357.12012,12357.12012,254464800
2004/8/4,12269.98047,12322.33984,12174.08984,12280.25977,12280.25977,304769200
2004/8/5,12319.33008,12518.54981,12315.63965,12491.91992,12491.91992,311346400
2004/8/6,12403,12503.21973,12391.87012,12478.67969,12478.67969,268418400
2004/8/9,12420.73047,12534.63965,12415.09961,12467.41016,12467.41016,161457800
2004/8/10,12455.49023,12503.46973,12367.67969,12408.04004,12408.04004,200405600
2004/8/11,12477.41016,12482.79004,12324.01953,12343.12988,12343.12988,231490400
2004/8/12,12342.32031,12431.01953,12271.88965,12413.42969,12413.42969,283336200
2004/8/13,12347.36035,12367.33984,12278.92969,12359.83008,12359.83008,272979000
2004/8/16,12320.76953,12338.86035,12150.70996,12219.75,12219.75,257946200
2004/8/17,12278.69043,12319.57031,12220.57031,12256.12012,12256.12012,166213200
2004/8/18,12209.51953,12269.36035,12194.41016,12228.54004,12228.54004,142521600
2004/8/19,12296.58008,12428.76953,12289.87988,12396.66992,12396.66992,308418000
2004/8/20,12358.55957,12418.30957,12320.41992,12376.90039,12376.90039,211594400
2004/8/23,12413.76953,12452.07031,12385.75,12431.76953,12431.76953,220490800
2004/8/24,12424.33984,12657.41016,12409.37988,12646.49023,12646.49023,348611600
2004/8/25,12666.75977,12819.63965,12666.75977,12793.03027,12793.03027,459619200
2004/8/26,12793.08008,12843.86035,12720.76953,12784.38965,12784.38965,331239200
2004/8/27,12765.08008,12898.01953,12765.08008,12818.41992,12818.41992,325612400
2004/8/30,12806.63965,12901.08984,12802.12988,12877.78027,12877.78027,230490800
2004/8/31,12833.34961,12904.24023,12806.84961,12850.28027,12850.28027,203318600
2004/9/1,12924.12988,13042.58984,12924.12988,13023.87012,13023.87012,318755600
2004/9/2,13026.70996,13088.41992,12979.87012,12999.07031,12999.07031,271335200
2004/9/3,13060.55957,13074.84961,12934.91992,12948.09961,12948.09961,268535200
2004/9/6,12964.7002,13107.37012,12942.66992,13104.33984,13104.33984,335562000
2004/9/7,13102.96973,13146.41992,13058.01953,13136.04004,13136.04004,250674200
2004/9/8,13161.80957,13190.38965,13013.65039,13049.95996,13049.95996,367376000
2004/9/9,13019.95996,13080.7002,12905.84961,12942.2002,12942.2002,286500200
2004/9/10,12945.5,13008,12865.05957,13003.99023,13003.99023,337555600
2004/9/13,13079.38965,13143.4502,13059.17969,13139.57031,13139.57031,267778200
2004/9/14,13147.9502,13172.07031,13090.23047,13148.05957,13148.05957,232067000
2004/9/15,13127.38965,13127.94043,13007.62988,13084.40039,13084.40039,248985600
2004/9/16,13044.41992,13223.50977,13044.41992,13209.83984,13209.83984,329039800
2004/9/17,13243.15039,13254.20996,13184.37988,13224.92969,13224.92969,892766000
2004/9/20,13236.48047,13284.00977,13173.51953,13221.33008,13221.33008,464480800
2004/9/21,13212.34961,13311.36035,13154.99023,13304.48047,13304.48047,416891800
2004/9/22,13314.08008,13356.87988,13265.16992,13272.23047,13272.23047,569692000
2004/9/23,13198.79004,13282.86035,13179.12988,13280.42969,13280.42969,371459600
2004/9/24,13236.25,13253.33008,13035.16016,13066.83984,13066.83984,404185600
2004/9/27,13053.59961,13067.75977,12908.09961,13021.90039,13021.90039,318864400
2004/9/28,12933.32031,12967.07031,12884.40039,12950.79981,12950.79981,299312200
2004/9/29,null,null,null,null,null,null
2004/9/30,13056.79981,13154.91016,13052.37988,13120.03027,13120.03027,360964200
2004/10/1,null,null,null,null,null,null
2004/10/4,13347.16992,13402.95996,13323.29004,13359.25,13359.25,546654200
2004/10/5,13366.87012,13366.87012,13304.16992,13331.09961,13331.09961,307410200
2004/10/6,13378.37012,13398.76953,13271.54981,13271.57031,13271.57031,269407600
2004/10/7,13333.33008,13334.61035,13268.76953,13321.73047,13321.73047,204195000
2004/10/8,13291.28027,13380.51953,13186.20996,13241.45996,13241.45996,391198400
2004/10/11,13240.84961,13321.54004,13158.54004,13305.12988,13305.12988,276751600
2004/10/12,13244.40039,13286.08008,13186.96973,13251.58984,13251.58984,271624600
2004/10/13,13242.03027,13301.33008,13093.98047,13171.58008,13171.58008,386337600
2004/10/14,13024.83984,13068.70996,12982.29004,13035.37988,13035.37988,281154800
2004/10/15,13021.58008,13094.55957,13012.83984,13059.42969,13059.42969,190253600
2004/10/18,13074.73047,13089.44043,12989.83008,13034.74023,13034.74023,158319600
2004/10/19,13108.21973,13155.37012,13042.62012,13154.54981,13154.54981,190995000
2004/10/20,13094.15039,13095.87988,12954.87012,12999.12988,12999.12988,266327800
2004/10/21,12997.44043,13037.75,12945.29981,13015.2002,13015.2002,243030600
2004/10/22,null,null,null,null,null,null
2004/10/25,12816.08008,12846.75,12743.41992,12818.09961,12818.09961,434971800
2004/10/26,12841.08008,12867.50977,12810.75977,12852.34961,12852.34961,281120200
2004/10/27,12880.99023,12918.4502,12836.49023,12838.70996,12838.70996,240927400
2004/10/28,12973.66016,13141.29981,12973.36035,13113.15039,13113.15039,412756200
2004/10/29,13027.12012,13098.54004,13025.07031,13054.66016,13054.66016,409074800
2004/11/1,13039.40039,13105.08008,13001.32031,13094.25,13094.25,198432400
2004/11/2,13160.08008,13313.16992,13160.08008,13308.74023,13308.74023,386278000
2004/11/3,13316.12012,13427.37012,13270.2002,13397.66992,13397.66992,352714000
2004/11/4,13485.88965,13485.88965,13319.69043,13369.08984,13369.08984,308467600
2004/11/5,13497.9502,13536.87012,13461.11035,13494.9502,13494.9502,362388800
2004/11/8,13536.20996,13573.87012,13463.71973,13561.49023,13561.49023,258320800
2004/11/9,13542.04981,13579.40039,13486.29004,13516.66992,13516.66992,256349200
2004/11/10,13563.46973,13672.37012,13530.33008,13672.37012,13672.37012,388797000
2004/11/11,13657.04004,13684.87988,13587.23047,13624.50977,13624.50977,431508800
2004/11/12,13750.23047,13822.11035,13747.55957,13784.45996,13784.45996,432967600
2004/11/15,13906.99023,13950.94043,13887.91016,13932.21973,13932.21973,458188400
2004/11/16,13926.62012,13926.62012,13726.79004,13746.08008,13746.08008,559131000
2004/11/17,13787.38965,13858.62988,13770.26953,13824.98047,13824.98047,469039200
2004/11/18,13853.73047,13882.69043,13784.86035,13799.82031,13799.82031,346010400
2004/11/19,13853.33008,13870.70996,13751.29981,13787.67969,13787.67969,289249800
2004/11/22,13646.80957,13803.5,13629.78027,13800.59961,13800.59961,296837200
2004/11/23,13809.37988,14048.69043,13784.04981,14023.29004,14023.29004,429572800
2004/11/24,14001.03027,14091.88965,13942.34961,13997.01953,13997.01953,435074800
2004/11/25,14009.07031,14054.70996,13867.95996,13926.61035,13926.61035,357165400
2004/11/26,13922.16992,14009.12988,13856.09961,13895.03027,13895.03027,396691400
2004/11/29,13979.33008,14111.32031,13975.19043,14066.91016,14066.91016,314580200
2004/11/30,14059.84961,14137.32031,14015.70996,14060.04981,14060.04981,764496200
2004/12/1,14005.91016,14162.79981,13936.50977,14162.79981,14162.79981,337997600
2004/12/2,14311.9502,14339.05957,14226.2002,14261.79004,14261.79004,456472000
2004/12/3,14264.44043,14282.17969,14149.69043,14211.83984,14211.83984,419050000
2004/12/6,14256.00977,14287.54981,14165.65039,14256.86035,14256.86035,308151000
2004/12/7,14196.58984,14317.30957,14184,14235.78027,14235.78027,364373400
2004/12/8,14156.70996,14214.00977,13984.20996,14022.32031,14022.32031,400511600
2004/12/9,14009.24023,14063.66016,13910.15039,14008.82031,14008.82031,420998600
2004/12/10,13965.05957,14025.07031,13869.53027,13901.80957,13901.80957,317600600
2004/12/13,13875.37012,13906.66992,13760.11035,13886.16016,13886.16016,315237000
2004/12/14,13965.07031,14059.33008,13950.50977,14043.51953,14043.51953,421605800
2004/12/15,14054.00977,14133.20996,13997.00977,14078.54004,14078.54004,437598000
2004/12/16,14104.25,14137.37988,13977.41992,14024.62988,14024.62988,290367800
2004/12/17,14013.49023,14032.42969,13905.40039,13992.44043,13992.44043,236586000
2004/12/20,14000.17969,14229.66992,13957.25,14214.04004,14214.04004,318387000
2004/12/21,14235.37988,14259.94043,14135.73047,14180.79004,14180.79004,217445800
2004/12/22,14212.7002,14219.33008,14117.29981,14151.08008,14151.08008,200206000
2004/12/23,14165.63965,14254.84961,14134.13965,14235.29981,14235.29981,187791800
2004/12/24,14215.75,14230.16016,14178.40039,14194.90039,14194.90039,102238400
2004/12/27,null,null,null,null,null,null
2004/12/28,14147.92969,14234.58984,14096.82031,14196.9502,14196.9502,228455200
2004/12/29,14277.53027,14333.24023,14226.61035,14266.37988,14266.37988,201245000
2004/12/30,14262.33984,14304.58008,14158.73047,14163.54981,14163.54981,230151200
2004/12/31,14184.83008,14248.63965,14168.24023,14230.13965,14230.13965,149751400
2005/1/3,14216.04004,14267.20996,14150.01953,14237.41992,14237.41992,145563000
2005/1/4,14198.50977,14198.50977,13991.2002,14045.90039,14045.90039,397498200
2005/1/5,13939.01953,13941.12988,13709.58008,13764.36035,13764.36035,530200600
2005/1/6,13718.79004,13789.15039,13672.55957,13712.04004,13712.04004,418761600
2005/1/7,13698.16016,13771.4502,13403,13574.86035,13574.86035,571206400
2005/1/10,13573.41992,13605.01953,13435.42969,13531.38965,13531.38965,317377800
2005/1/11,13609.30957,13649.42969,13455.30957,13509.25,13509.25,340797200
2005/1/12,13456.54004,13565.30957,13352.70996,13565.30957,13565.30957,336973200
2005/1/13,13570.21973,13631.41016,13533.00977,13573.28027,13573.28027,396311200
2005/1/14,13509.45996,13582.54004,13411.30957,13494.78027,13494.78027,473364600
2005/1/17,13529.08008,13636.76953,13528.11035,13621.65039,13621.65039,261016000
2005/1/18,13621.95996,13621.95996,13489.99023,13604.21973,13604.21973,289845400
2005/1/19,13634.00977,13700.94043,13586.33984,13678.62988,13678.62988,304025000
2005/1/20,13550.98047,13585.66992,13500.58008,13543.58984,13543.58984,460342600
2005/1/21,13495.92969,13518.69043,13432.45996,13481.01953,13481.01953,476200200
2005/1/24,13449.87988,13483.12988,13320.53027,13386.99023,13386.99023,450783600
2005/1/25,13378.83984,13594.86035,13356.24023,13584.05957,13584.05957,319826200
2005/1/26,13599.2002,13652.4502,13558.03027,13623.67969,13623.67969,365578200
2005/1/27,13636.74023,13750.48047,13596.41016,13628.91016,13628.91016,374447400
2005/1/28,13633.67969,13679.30957,13559.98047,13650.05957,13650.05957,268381200
2005/1/31,13625.23047,13762.86035,13581.19043,13721.69043,13721.69043,352642200
2005/2/1,13714.41992,13736.63965,13522.42969,13578.25977,13578.25977,407254000
2005/2/2,13573.63965,13607.87988,13454.40039,13555.79981,13555.79981,321787800
2005/2/3,13525.88965,13586.84961,13456.13965,13515.33008,13515.33008,404907400
2005/2/4,13495.70996,13623.59961,13470.48047,13585.16992,13585.16992,425729600
2005/2/7,13749.08008,13816.86035,13749.08008,13795,13795,383247000
2005/2/8,13806.55957,13863.99023,13788.33008,13845.62988,13845.62988,218206400
2005/2/14,14006.54004,14043.94043,13943.45996,14017.23047,14017.23047,425991600
2005/2/15,14042.37988,14065.66016,13978.24023,13995.83008,13995.83008,304097400
2005/2/16,14029.5,14044.83008,13962.48047,14015.49023,14015.49023,302049600
2005/2/17,14024.12988,14037.62012,13936.62988,13967.82031,13967.82031,256355000
2005/2/18,13933.91992,14093.42969,13898.91992,14087.87012,14087.87012,323290800
2005/2/21,14072.41016,14113.92969,14045.70996,14111.65039,14111.65039,282806200
2005/2/22,14095.88965,14118.23047,14022.05957,14090.51953,14090.51953,296063200
2005/2/23,13933.71973,13964.75977,13907.54004,13957.94043,13957.94043,357029600
2005/2/24,13970.63965,14060.91016,13956.13965,14060.91016,14060.91016,301496800
2005/2/25,14103.12012,14207.53027,14103.12012,14157.08984,14157.08984,418029600
2005/2/28,14204.86035,14272.54004,14141.78027,14195.34961,14195.34961,398278800
2005/3/1,14031.21973,14085.84961,13954.58008,14061.15039,14061.15039,274503200
2005/3/2,14039.84961,14066.75977,13817.45996,13850.78027,13850.78027,375846200
2005/3/3,13816.82031,13909.11035,13785.38965,13892.37012,13892.37012,277068800
2005/3/4,13906.00977,13922.42969,13692.38965,13730.78027,13730.78027,395828200
2005/3/7,13829.83984,13872.62012,13749.25,13771.9502,13771.9502,250703400
2005/3/8,13763.13965,13889.42969,13736.17969,13881.70996,13881.70996,303182800
2005/3/9,13915.36035,13996.45996,13871.26953,13941.46973,13941.46973,299302800
2005/3/10,13811.36035,13874.20996,13742.24023,13856.01953,13856.01953,482474800
2005/3/11,13859.88965,13909.29004,13781.41992,13890.92969,13890.92969,350892600
2005/3/14,13832.94043,13935.11035,13816.25,13906.84961,13906.84961,286057800
2005/3/15,13886.83008,13886.83008,13763.54004,13816.75,13816.75,316214000
2005/3/16,13709.84961,13838.23047,13647.05957,13832.51953,13832.51953,344711200
2005/3/17,13723.25,13858.41992,13699.70996,13817.99023,13817.99023,340115800
2005/3/18,13865.04981,13907.05957,13779.76953,13828.37012,13828.37012,281040800
2005/3/21,13822.9502,13865.12012,13786.79004,13834.34961,13834.34961,170979400
2005/3/22,13800.83008,13822.87988,13757.65039,13776.46973,13776.46973,264343800
2005/3/23,13602.90039,13643.99023,13564.61035,13603.61035,13603.61035,386965600
2005/3/24,13591.94043,13612.98047,13547.83984,13597.09961,13597.09961,300039600
2005/3/29,13552.09961,13552.09961,13380.91016,13411.87988,13411.87988,401276400
2005/3/30,13404.59961,13460.00977,13357.16992,13425.75,13425.75,312026400
2005/3/31,13515.37988,13556.13965,13482.49023,13516.87988,13516.87988,427842000
2005/4/1,13495.66016,13518.62988,13397.59961,13491.34961,13491.34961,323861600
2005/4/4,13474.36035,13545.30957,13436.95996,13513.41016,13513.41016,287550800
2005/4/6,13537.37988,13612.04004,13505.78027,13562.25977,13562.25977,355905600
2005/4/7,13605.41992,13619.87012,13538.40039,13602.34961,13602.34961,264334800
2005/4/8,13670.79004,13686.99023,13636.34961,13666.71973,13666.71973,245676800
2005/4/11,13614.04981,13668,13606.38965,13659.92969,13659.92969,242422400
2005/4/12,13660.65039,13678.63965,13622.70996,13658.04981,13658.04981,165573600
2005/4/13,13695.67969,13808.50977,13665.40039,13799.62012,13799.62012,230154200
2005/4/14,13741.16992,13788.67969,13707.66992,13772.40039,13772.40039,323550000
2005/4/15,13672.74023,13672.74023,13579.16016,13638.75,13638.75,299358000
2005/4/18,13382.01953,13424.66016,13337.44043,13355.23047,13355.23047,502135000
2005/4/19,13430.15039,13503.29004,13428.38965,13444.08984,13444.08984,224729200
2005/4/20,13534.24023,13567.94043,13489.12988,13501.62988,13501.62988,187061600
2005/4/21,13407.57031,13639.86035,13401.86035,13597.30957,13597.30957,312422000
2005/4/22,13684.58984,13727.44043,13649.5,13693.54981,13693.54981,300321600
2005/4/25,13744.4502,13802.42969,13711.38965,13750.23047,13750.23047,255959400
2005/4/26,13768.73047,13919.51953,13719.80957,13859.58008,13859.58008,389263800
2005/4/27,13832.80957,13847.38965,13799.65039,13839.63965,13839.63965,177705600
2005/4/28,13813.67969,13956.51953,13813.67969,13909.41992,13909.41992,339914600
2005/4/29,13829.4502,13913.09961,13801.17969,13908.96973,13908.96973,309020000
2005/5/3,13969.63965,13994.66016,13877.91992,13893.98047,13893.98047,231424400
2005/5/4,13958.17969,13981.78027,13917.7002,13945.04981,13945.04981,245271200
2005/5/5,14056.92969,14110.29004,14021.92969,14061.7002,14061.7002,313172200
2005/5/6,14041.29004,14095.84961,14004.07031,14033.95996,14033.95996,272557800
2005/5/9,14068.25977,14106.53027,14006.84961,14085.08984,14085.08984,283408200
2005/5/10,14097.19043,14112.61035,13991.19043,14018.37988,14018.37988,235428800
2005/5/11,13959.29004,13973.62012,13895.26953,13939.79981,13939.79981,206986600
2005/5/12,13968.9502,13984.34961,13928.07031,13968.28027,13968.28027,194130600
2005/5/13,13907.16016,13921.41992,13841.86035,13866.80957,13866.80957,223792600
2005/5/17,13861.59961,13863.16016,13626.63965,13667.03027,13667.03027,401396200
2005/5/18,13648.25977,13668.42969,13590.04981,13627.00977,13627.00977,271572400
2005/5/19,13676.87012,13747.96973,13645.08008,13698.92969,13698.92969,253528600
2005/5/20,13715.65039,13723.82031,13642.83984,13717.41992,13717.41992,201016800
2005/5/23,13730.08984,13730.08984,13632.23047,13699.12988,13699.12988,163988800
2005/5/24,13703.13965,13726.15039,13677.33984,13719.32031,13719.32031,158187200
2005/5/25,13715.08984,13717.07031,13542.48047,13562.05957,13562.05957,294308800
2005/5/26,13569.25977,13590.61035,13541.76953,13569.99023,13569.99023,182625600
2005/5/27,13671.63965,13739.2002,13669.2002,13714.78027,13714.78027,218391000
2005/5/30,13741.28027,13851.33008,13684.51953,13845.09961,13845.09961,255851000
2005/5/31,13815.73047,13932.91992,13779.79981,13867.07031,13867.07031,348640200
2005/6/1,13817.26953,13895.33008,13813.69043,13873.07031,13873.07031,302359400
2005/6/2,13942.95996,13946.00977,13779.79981,13814.58008,13814.58008,325242400
2005/6/3,13821.9502,13870.49023,13792.65039,13818.4502,13818.4502,297765200
2005/6/6,13768.03027,13862.62012,13745.67969,13860.54981,13860.54981,265783800
2005/6/7,13806,13846.29981,13800.08984,13837.29004,13837.29004,258052800
2005/6/8,13868.13965,13938.79004,13842.00977,13898.54981,13898.54981,421819800
2005/6/9,13884.21973,13984.33984,13876.58008,13898.30957,13898.30957,419254400
2005/6/10,13927.00977,13972.70996,13916.86035,13934.75977,13934.75977,326592000
2005/6/13,13948.41992,13978.63965,13898.45996,13952.01953,13952.01953,209902000
2005/6/14,13954.74023,13999.05957,13901.49023,13904.80957,13904.80957,299700600
2005/6/15,13932.84961,13953.03027,13870.23047,13914.29981,13914.29981,284969400
2005/6/16,13909.75,13909.75,13801.41992,13833.53027,13833.53027,258611600
2005/6/17,13866.79004,13926.58984,13847.5,13912.03027,13912.03027,412312000
2005/6/20,13928.70996,13966.91016,13908.7002,13945.76953,13945.76953,246064200
2005/6/21,13935.29004,13983.48047,13890.78027,13979.34961,13979.34961,276460400
2005/6/22,13995.63965,14183.38965,13995.63965,14161.01953,14161.01953,666237800
2005/6/23,14197.00977,14233.80957,14157.00977,14190.44043,14190.44043,543943400
2005/6/24,14141.66016,14230.29004,14108.38965,14230.29004,14230.29004,536796400
2005/6/27,14142.49023,14202.98047,14142.13965,14176.04004,14176.04004,319765800
2005/6/28,14206.80957,14287.44043,14174.79004,14287.44043,14287.44043,602401600
2005/6/29,14313.99023,14365.04981,14247.04004,14277.28027,14277.28027,543705000
2005/6/30,14281.46973,14310.76953,14154.7002,14201.05957,14201.05957,406370800
2005/7/4,14188.34961,14188.46973,14122.96973,14177.87012,14177.87012,362865800
2005/7/5,14146.44043,14161,14101.55957,14124.79981,14124.79981,333218800
2005/7/6,14170.70996,14202.08984,14126.86035,14149.92969,14149.92969,427336800
2005/7/7,14146.24023,14156.91992,14006.75,14030.80957,14030.80957,482251200
2005/7/8,14014.79981,14053.20996,13920.87012,13964.46973,13964.46973,340661000
2005/7/11,14065.33984,14157.24023,14047.00977,14157.24023,14157.24023,338976200
2005/7/12,14214.87988,14215.48047,14094.7002,14146.9502,14146.9502,332181200
2005/7/13,14170.30957,14308.37012,14140.40039,14307.29981,14307.29981,378495400
2005/7/14,14389.37012,14497.42969,14389.37012,14491.54004,14491.54004,616934800
2005/7/15,14489.83984,14550.16992,14444.58008,14504.29004,14504.29004,658528400
2005/7/18,14496.54981,14578.69043,14487.87012,14567,14567,325610600
2005/7/19,14493.26953,14625.08008,14493.26953,14567.74023,14567.74023,454201200
2005/7/20,14584.05957,14673.83008,14567.01953,14602.7002,14602.7002,428144000
2005/7/21,14660.75977,14691.74023,14560.45996,14620.13965,14620.13965,404305000
2005/7/22,14744.51953,14800.30957,14655.44043,14786.45996,14786.45996,593108000
2005/7/25,14794.92969,14841.58008,14768.78027,14794.03027,14794.03027,388280000
2005/7/26,14818.79004,14840.44043,14744.38965,14769.92969,14769.92969,289148400
2005/7/27,14786.9502,14828.01953,14743.69043,14801.86035,14801.86035,374516000
2005/7/28,14836.29981,14899.70996,14771.16016,14813.32031,14813.32031,352640800
2005/7/29,14863.50977,14892.29004,14838.16016,14880.98047,14880.98047,412972800
2005/8/1,14892.73047,14989.46973,14841.12012,14978.87988,14978.87988,331918200
2005/8/2,15068.21973,15167.71973,15046.83984,15137.08008,15137.08008,555043400
2005/8/3,15197.05957,15201.82031,15035.37012,15118.5,15118.5,537270000
2005/8/4,15101.59961,15186.11035,15076.4502,15111.54004,15111.54004,412126600
2005/8/5,15054.62988,15083.50977,14972.51953,15051.32031,15051.32031,342387400
2005/8/8,15033.98047,15117.91016,15024.54004,15108.94043,15108.94043,226935800
2005/8/9,15137.63965,15161.79004,15029.38965,15047.83984,15047.83984,339751000
2005/8/10,15113.86035,15346.41016,15095.95996,15346.41016,15346.41016,479410000
2005/8/11,15432.74023,15477.13965,15330.9502,15445.2002,15445.2002,615163000
2005/8/12,15459.16992,15480.79981,15398.29981,15450.9502,15450.9502,412005600
2005/8/15,15435.49023,15482.15039,15391.57031,15466.05957,15466.05957,282287200
2005/8/16,15455.70996,15508.57031,15394.73047,15443.62012,15443.62012,322947800
2005/8/17,15331.08984,15449.58008,15309.5,15449.58008,15449.58008,398665600
2005/8/18,15442.50977,15455.16992,15101.73047,15148.08984,15148.08984,516748400
2005/8/19,15123.25977,15173.5,15001.44043,15038.61035,15038.61035,391603000
2005/8/22,15093.17969,15225.58984,15049.91016,15218.62988,15218.62988,277348200
2005/8/23,15222.49023,15244.90039,14938.04981,14973.88965,14973.88965,364369200
2005/8/24,14934.98047,14969.5,14861.42969,14873.84961,14873.84961,286594600
2005/8/25,14844.17969,14963.73047,14832,14889.09961,14889.09961,289215600
2005/8/26,14942.82031,14991.63965,14863.04004,14982.88965,14982.88965,274590800
2005/8/29,14851.67969,14861.48047,14734.42969,14836.96973,14836.96973,317385200
2005/8/30,14870.19043,14976.46973,14831.90039,14922.21973,14922.21973,240258000
2005/8/31,14853.63965,14927.04981,14796.50977,14903.54981,14903.54981,382671400
2005/9/1,15031.51953,15149.61035,15014.76953,15143.75,15143.75,412152600
2005/9/2,15197.87012,15249.15039,15131.04004,15221.88965,15221.88965,285917800
2005/9/5,15231.76953,15244.04004,15179.75977,15227.83008,15227.83008,159710400
2005/9/6,15287.7002,15307.65039,15038.65039,15160.78027,15160.78027,248202800
2005/9/7,15247.91992,15271.20996,15205.99023,15224.57031,15224.57031,242847400
2005/9/8,15257.53027,15257.53027,15156.91016,15166.16992,15166.16992,286588200
2005/9/9,15168.57031,15188.42969,15081.28027,15165.76953,15165.76953,246364600
2005/9/12,15240.40039,15240.88965,15186.57031,15199.79004,15199.79004,183454000
2005/9/13,15159,15192.91992,15052.58008,15070.55957,15070.55957,259710000
2005/9/14,15059.91016,15097.29981,14979.65039,15086.62012,15086.62012,272578600
2005/9/15,15092.42969,15129.58984,14990.04981,15041.01953,15041.01953,238076200
2005/9/16,15033.08008,15035.4502,14965.98047,14983.2002,14983.2002,281685400
2005/9/20,14994.76953,15252.83984,14943.61035,15241.86035,15241.86035,424561400
2005/9/21,15207.08008,15271.91016,15162.59961,15223.62012,15223.62012,338187000
2005/9/22,15144.54981,15194.00977,15119.99023,15179.9502,15179.9502,297848400
2005/9/23,15169.04004,15169.87988,15045.54004,15143.96973,15143.96973,269944600
2005/9/26,15166.16016,15279.04004,15127.99023,15274.30957,15274.30957,293050400
2005/9/27,15286.51953,15312.36035,15163.66992,15189.87988,15189.87988,253552400
2005/9/28,15186.12988,15269.04004,15164.86035,15221.45996,15221.45996,312616200
2005/9/29,15248.87012,15432.9502,15241.49023,15431.25,15431.25,378787200
2005/9/30,15449.29981,15470.50977,15394.67969,15428.51953,15428.51953,351307200
2005/10/3,15399.87012,15452.28027,15369.23047,15394.38965,15394.38965,270527400
2005/10/4,15397.37988,15493,15382.20996,15382.20996,15382.20996,317223200
2005/10/5,15317.08008,15317.08008,15137.51953,15161.03027,15161.03027,427003600
2005/10/6,14943.21973,14945.96973,14823,14839.29981,14839.29981,552974000
2005/10/7,14857.19043,14899.23047,14798.91016,14847.79004,14847.79004,453735200
2005/10/10,14898.83984,14933.92969,14852.33008,14898.76953,14898.76953,280169400
2005/10/12,14880.45996,14933.12012,14557.51953,14575.01953,14575.01953,547705800
2005/10/13,14527.01953,14644.66016,14508.54004,14621.83008,14621.83008,339541800
2005/10/14,14577.37012,14577.37012,14439.12988,14485.87988,14485.87988,433301600
2005/10/17,14551.74023,14572.67969,14449.37988,14541.34961,14541.34961,310244800
2005/10/18,14585.84961,14649.70996,14563.51953,14597.40039,14597.40039,281016800
2005/10/19,14434.73047,14463.07031,14345.87012,14372.75977,14372.75977,439359200
2005/10/20,14477.54004,14524.66016,14398.96973,14408.94043,14408.94043,357183200
2005/10/21,14364.67969,14491.94043,14308.61035,14487.84961,14487.84961,507689800
2005/10/24,14470.66992,14505.55957,14321.61035,14402.34961,14402.34961,290231200
2005/10/25,14566.04981,14566.09961,14422.40039,14424.87988,14424.87988,319840600
2005/10/26,14446.96973,14474.16016,14361.75977,14458.13965,14458.13965,394435000
2005/10/27,14475.66016,14484.32031,14376.86035,14381.05957,14381.05957,270958200
2005/10/28,14282.08984,14295.88965,14189.46973,14215.83008,14215.83008,382679000
2005/10/31,14313.41992,14393.28027,14255.92969,14386.37012,14386.37012,268522400
2005/11/1,14485.34961,14591.41992,14470.58008,14572.25977,14572.25977,395000600
2005/11/2,14583.08984,14604.5,14544.65039,14597.48047,14597.48047,270334600
2005/11/3,14626.61035,14649.86035,14546.87988,14601.58984,14601.58984,264688800
2005/11/4,14660.33984,14668.53027,14536.28027,14585.79004,14585.79004,254565600
2005/11/7,14498.83984,14503.46973,14353.90039,14365.79004,14365.79004,310755600
2005/11/8,14420.54981,14435.24023,14317.50977,14403.2002,14403.2002,259478400
2005/11/9,14440.61035,14626.59961,14417.46973,14597.54981,14597.54981,329370000
2005/11/10,14586.00977,14642.84961,14567.54981,14633.33008,14633.33008,251755600
2005/11/11,14668.23047,14808.46973,14655.73047,14740.59961,14740.59961,322659000
2005/11/14,14760.40039,14772.92969,14541.99023,14629.49023,14629.49023,273048000
2005/11/15,14573.51953,14671.01953,14518.75,14627.41016,14627.41016,254867800
2005/11/16,14632.40039,14683.99023,14603.7002,14650.54004,14650.54004,217729000
2005/11/17,14672.79981,14788.62012,14620.41992,14787.98047,14787.98047,331421400
2005/11/18,14915,14924.62012,14865.80957,14883.32031,14883.32031,381015600
2005/11/21,14939.7002,14942.07031,14843.87012,14885.57031,14885.57031,242625000
2005/11/22,14881.91992,14897.79981,14806.95996,14885.65039,14885.65039,197108000
2005/11/23,14961.92969,15071.23047,14925.71973,15062.34961,15062.34961,393797800
2005/11/24,15111.03027,15117.87988,15042.29981,15084.38965,15084.38965,262069400
2005/11/25,15053.91992,15100.94043,15027.75977,15081.46973,15081.46973,231676200
2005/11/28,15099.62988,15133.87988,15073.54981,15100,15100,183583400
2005/11/29,15058.99023,15062.01953,14958.78027,15028.75977,15028.75977,226451800
2005/11/30,15028.74023,15072.83984,14936.90039,14937.13965,14937.13965,304252400
2005/12/1,14881.21973,15068.03027,14866.09961,15068.03027,15068.03027,412240200
2005/12/2,15178.09961,15232.32031,15129.29004,15200.37988,15200.37988,377939200
2005/12/5,15208.86035,15208.86035,15145.15039,15158.82031,15158.82031,222779400
2005/12/6,15156.83984,15161.87988,14967.78027,14990.61035,14990.61035,376164400
2005/12/7,15026.91992,15134.9502,14960.21973,15134.9502,15134.9502,335154000
2005/12/8,15095.17969,15095.17969,14860.54004,14879.16016,14879.16016,348480000
2005/12/9,14905.57031,14953.33984,14870.95996,14910.50977,14910.50977,232244400
2005/12/12,14991.62012,15079.95996,14972.05957,14984.40039,14984.40039,199318800
2005/12/13,14981.23047,14995.62988,14863.83984,14942.62012,14942.62012,330070000
2005/12/14,14981.4502,14981.4502,14867.71973,14976.25977,14976.25977,278860600
2005/12/15,15039.62988,15078.91992,15025.54004,15059.01953,15059.01953,318937000
2005/12/16,15077.98047,15078.37012,14967.78027,15029.80957,15029.80957,306449400
2005/12/19,15044.90039,15200.11035,15044.90039,15182.88965,15182.88965,310365600
2005/12/20,15172.12988,15200.7002,15128.58984,15169.16992,15169.16992,250971000
2005/12/21,15219.26953,15272.71973,15210.92969,15221.41992,15221.41992,243252200
2005/12/22,15251.09961,15252.4502,15170.91992,15182.53027,15182.53027,243697200
2005/12/23,15208.83984,15226.03027,15182.63965,15183.58008,15183.58008,164157400
2005/12/28,15076.94043,15173.48047,15049.41016,15101.54004,15101.54004,215911000
2005/12/29,15146.54981,15151.32031,15028.28027,15045.58984,15045.58984,266347000
2005/12/30,14959.41992,14972.2002,14811.63965,14876.42969,14876.42969,448872000
